"Content","Info","Reference","Editor","Source Index","Source Timestamp"
"Eigenvalue","bold","","BenFrantzDale","0","2007-04-10T11:56:31.000Z"
"perturbation","bold","","BenFrantzDale","0","2007-04-10T11:56:31.000Z"
"is","text","","","-1","2016-12-13T10:02:24.046+01:00"
"a","text","","","-1","2016-12-13T10:02:24.046+01:00"
"perturbation","link","perturbation theory","BenFrantzDale","0","2007-04-10T11:56:31.000Z"
"approach","text","","BenFrantzDale","0","2007-04-10T11:56:31.000Z"
"to","text","","","-1","2016-12-13T10:02:24.046+01:00"
"finding","text","","Michael Hardy","14","2008-07-24T17:27:09.000Z"
"eigenvalues","link","Eigenvector","BenFrantzDale","0","2007-04-10T11:56:31.000Z"
"and","link","Eigenvector","","-1","2016-12-13T10:02:24.046+01:00"
"eigenvectors","link","Eigenvector","BenFrantzDale","0","2007-04-10T11:56:31.000Z"
"of","text","","","-1","2016-12-13T10:02:24.046+01:00"
"systems","text","","BenFrantzDale","0","2007-04-10T11:56:31.000Z"
"perturbed","text","","BenFrantzDale","0","2007-04-10T11:56:31.000Z"
"from","text","","","-1","2016-12-13T10:02:24.046+01:00"
"one","text","","","-1","2016-12-13T10:02:24.047+01:00"
"with","text","","","-1","2016-12-13T10:02:24.047+01:00"
"known","text","","BenFrantzDale","0","2007-04-10T11:56:31.000Z"
"eigenvectors","text","","BenFrantzDale","0","2007-04-10T11:56:31.000Z"
"and","text","","","-1","2016-12-13T10:02:24.047+01:00"
"eigenvalues","text","","BenFrantzDale","0","2007-04-10T11:56:31.000Z"
".","text","","BenFrantzDale","0","2007-04-10T11:56:31.000Z"
"It","text","","BenFrantzDale","0","2007-04-10T11:56:31.000Z"
"also","text","","","-1","2016-12-13T10:02:24.047+01:00"
"allows","text","","BenFrantzDale","0","2007-04-10T11:56:31.000Z"
"one","text","","","-1","2016-12-13T10:02:24.047+01:00"
"to","text","","","-1","2016-12-13T10:02:24.047+01:00"
"determine","text","","BenFrantzDale","0","2007-04-10T11:56:31.000Z"
"the","text","","","-1","2016-12-13T10:02:24.047+01:00"
"sensitivity","text","","BenFrantzDale","0","2007-04-10T11:56:31.000Z"
"of","text","","","-1","2016-12-13T10:02:24.047+01:00"
"the","text","","","-1","2016-12-13T10:02:24.047+01:00"
"eigenvalues","text","","BenFrantzDale","0","2007-04-10T11:56:31.000Z"
"and","text","","","-1","2016-12-13T10:02:24.047+01:00"
"eigenvectors","text","","BenFrantzDale","0","2007-04-10T11:56:31.000Z"
"with","text","","","-1","2016-12-13T10:02:24.047+01:00"
"respect","text","","BenFrantzDale","0","2007-04-10T11:56:31.000Z"
"to","text","","","-1","2016-12-13T10:02:24.047+01:00"
"changes","text","","BenFrantzDale","0","2007-04-10T11:56:31.000Z"
"in","text","","","-1","2016-12-13T10:02:24.047+01:00"
"the","text","","","-1","2016-12-13T10:02:24.047+01:00"
"system","text","","","-1","2016-12-13T10:02:24.047+01:00"
".","text","","BenFrantzDale","0","2007-04-10T11:56:31.000Z"
"1","header","","BenFrantzDale","0","2007-04-10T11:56:31.000Z"
".","header","","BenFrantzDale","0","2007-04-10T11:56:31.000Z"
"Example","header","","BenFrantzDale","0","2007-04-10T11:56:31.000Z"
"Suppose","text","","BenFrantzDale","0","2007-04-10T11:56:31.000Z"
"we","text","","","-1","2016-12-13T10:02:24.047+01:00"
"have","text","","","-1","2016-12-13T10:02:24.047+01:00"
"solutions","text","","BenFrantzDale","0","2007-04-10T11:56:31.000Z"
"to","text","","","-1","2016-12-13T10:02:24.047+01:00"
"the","text","","","-1","2016-12-13T10:02:24.047+01:00"
"generalized","link","generalized eigenvalue problem","BenFrantzDale","0","2007-04-10T11:56:31.000Z"
"eigenvalue","link","generalized eigenvalue problem","BenFrantzDale","0","2007-04-10T11:56:31.000Z"
"problem","link","generalized eigenvalue problem","BenFrantzDale","0","2007-04-10T11:56:31.000Z"
",","text","","BenFrantzDale","0","2007-04-10T11:56:31.000Z"
" [K_0] \mathbf{x}_{0i} = \lambda_{0i} [M_0] \mathbf{x}_{0i}. \qquad (1)","math"," [K_0] \mathbf{x}_{0i} = \lambda_{0i} [M_0] \mathbf{x}_{0i}. \qquad (1)","BenFrantzDale","6","2007-04-29T14:57:23.000Z"
"That","text","","BenFrantzDale","0","2007-04-10T11:56:31.000Z"
"is","text","","","-1","2016-12-13T10:02:24.047+01:00"
",","text","","BenFrantzDale","0","2007-04-10T11:56:31.000Z"
"we","text","","","-1","2016-12-13T10:02:24.047+01:00"
"know","text","","BenFrantzDale","0","2007-04-10T11:56:31.000Z"
" \lambda_{0i}","math"," \lambda_{0i}","BenFrantzDale","0","2007-04-10T11:56:31.000Z"
"and","text","","","-1","2016-12-13T10:02:24.047+01:00"
" \mathbf{x}_{0i}","math"," \mathbf{x}_{0i}","BenFrantzDale","0","2007-04-10T11:56:31.000Z"
"for","text","","","-1","2016-12-13T10:02:24.047+01:00"
" i=1,\dots,N","math"," i=1,\dots,N","BenFrantzDale","0","2007-04-10T11:56:31.000Z"
".","text","","BenFrantzDale","0","2007-04-10T11:56:31.000Z"
"Now","text","","BenFrantzDale","0","2007-04-10T11:56:31.000Z"
"suppose","text","","BenFrantzDale","0","2007-04-10T11:56:31.000Z"
"we","text","","","-1","2016-12-13T10:02:24.047+01:00"
"want","text","","BenFrantzDale","0","2007-04-10T11:56:31.000Z"
"to","text","","","-1","2016-12-13T10:02:24.047+01:00"
"change","text","","BenFrantzDale","0","2007-04-10T11:56:31.000Z"
"the","text","","","-1","2016-12-13T10:02:24.047+01:00"
"matrices","text","","BenFrantzDale","0","2007-04-10T11:56:31.000Z"
"by","text","","","-1","2016-12-13T10:02:24.047+01:00"
"a","text","","","-1","2016-12-13T10:02:24.047+01:00"
"small","text","","BenFrantzDale","0","2007-04-10T11:56:31.000Z"
"amount","text","","","-1","2016-12-13T10:02:24.047+01:00"
".","text","","BenFrantzDale","0","2007-04-10T11:56:31.000Z"
"That","text","","BenFrantzDale","0","2007-04-10T11:56:31.000Z"
"is","text","","","-1","2016-12-13T10:02:24.047+01:00"
",","text","","BenFrantzDale","0","2007-04-10T11:56:31.000Z"
"we","text","","","-1","2016-12-13T10:02:24.047+01:00"
"want","text","","BenFrantzDale","0","2007-04-10T11:56:31.000Z"
"to","text","","","-1","2016-12-13T10:02:24.047+01:00"
"let","text","","BenFrantzDale","0","2007-04-10T11:56:31.000Z"
" [K] = [K_0]+[\delta K]","math"," [K] = [K_0]+[\delta K]","BenFrantzDale","0","2007-04-10T11:56:31.000Z"
"and","text","","","-1","2016-12-13T10:02:24.047+01:00"
" [M] = [M_0]+[\delta M]","math"," [M] = [M_0]+[\delta M]","BenFrantzDale","0","2007-04-10T11:56:31.000Z"
"where","text","","","-1","2016-12-13T10:02:24.047+01:00"
"all","text","","","-1","2016-12-13T10:02:24.047+01:00"
"of","text","","","-1","2016-12-13T10:02:24.047+01:00"
"the","text","","","-1","2016-12-13T10:02:24.047+01:00"
" \delta","math"," \delta","BenFrantzDale","0","2007-04-10T11:56:31.000Z"
"terms","text","","BenFrantzDale","0","2007-04-10T11:56:31.000Z"
"are","text","","","-1","2016-12-13T10:02:24.047+01:00"
"much","text","","","-1","2016-12-13T10:02:24.047+01:00"
"smaller","text","","BenFrantzDale","0","2007-04-10T11:56:31.000Z"
"than","text","","","-1","2016-12-13T10:02:24.048+01:00"
"the","text","","","-1","2016-12-13T10:02:24.048+01:00"
"corresponding","text","","BenFrantzDale","0","2007-04-10T11:56:31.000Z"
"term","text","","BenFrantzDale","0","2007-04-10T11:56:31.000Z"
".","text","","BenFrantzDale","0","2007-04-10T11:56:31.000Z"
"We","text","","BenFrantzDale","0","2007-04-10T11:56:31.000Z"
"expect","text","","BenFrantzDale","0","2007-04-10T11:56:31.000Z"
"answers","text","","BenFrantzDale","0","2007-04-10T11:56:31.000Z"
"to","text","","","-1","2016-12-13T10:02:24.048+01:00"
"be","text","","","-1","2016-12-13T10:02:24.048+01:00"
"of","text","","","-1","2016-12-13T10:02:24.048+01:00"
"the","text","","","-1","2016-12-13T10:02:24.048+01:00"
"form","text","","BenFrantzDale","0","2007-04-10T11:56:31.000Z"
" \lambda_i = \lambda_{0i}+\delta\lambda_{0i}","math"," \lambda_i = \lambda_{0i}+\delta\lambda_{0i}","BenFrantzDale","0","2007-04-10T11:56:31.000Z"
"and","text","","","-1","2016-12-13T10:02:24.048+01:00"
" \mathbf{x}_i = \mathbf{x}_{0i}+\delta\mathbf{x}_{0i}.","math"," \mathbf{x}_i = \mathbf{x}_{0i}+\delta\mathbf{x}_{0i}.","Giftlite","17","2008-07-24T17:30:12.000Z"
"2","header","","BenFrantzDale","0","2007-04-10T11:56:31.000Z"
".","header","","BenFrantzDale","0","2007-04-10T11:56:31.000Z"
"Steps","header","","BenFrantzDale","0","2007-04-10T11:56:31.000Z"
"We","text","","BenFrantzDale","0","2007-04-10T11:56:31.000Z"
"assume","text","","BenFrantzDale","0","2007-04-10T11:56:31.000Z"
"that","text","","","-1","2016-12-13T10:02:24.048+01:00"
"the","text","","","-1","2016-12-13T10:02:24.048+01:00"
"matrices","text","","BenFrantzDale","0","2007-04-10T11:56:31.000Z"
"are","text","","","-1","2016-12-13T10:02:24.048+01:00"
"symmetric","link","symmetric matrix","BenFrantzDale","0","2007-04-10T11:56:31.000Z"
"and","text","","","-1","2016-12-13T10:02:24.048+01:00"
"positive","link","positive definite","BenFrantzDale","0","2007-04-10T11:56:31.000Z"
"definite","link","positive definite","BenFrantzDale","0","2007-04-10T11:56:31.000Z"
"and","text","","","-1","2016-12-13T10:02:24.048+01:00"
"assume","text","","BenFrantzDale","0","2007-04-10T11:56:31.000Z"
"we","text","","","-1","2016-12-13T10:02:24.048+01:00"
"have","text","","","-1","2016-12-13T10:02:24.048+01:00"
"scaled","text","","BenFrantzDale","0","2007-04-10T11:56:31.000Z"
"the","text","","","-1","2016-12-13T10:02:24.048+01:00"
"eigenvectors","text","","BenFrantzDale","0","2007-04-10T11:56:31.000Z"
"such","text","","","-1","2016-12-13T10:02:24.048+01:00"
"that","text","","","-1","2016-12-13T10:02:24.048+01:00"
" \mathbf{x}_{0j}^T[M_0]\mathbf{x}_{0i} = \delta_i^j \qquad(2)","math"," \mathbf{x}_{0j}^T[M_0]\mathbf{x}_{0i} = \delta_i^j \qquad(2)","BenFrantzDale","0","2007-04-10T11:56:31.000Z"
"where","text","","","-1","2016-12-13T10:02:24.048+01:00"
" \delta_i^j","math"," \delta_i^j","BenFrantzDale","0","2007-04-10T11:56:31.000Z"
"is","text","","","-1","2016-12-13T10:02:24.048+01:00"
"the","text","","","-1","2016-12-13T10:02:24.048+01:00"
"Kronecker","link","Kronecker delta","81.108.234.28","10","2007-12-02T11:10:23.000Z"
"delta","link","Kronecker delta","BenFrantzDale","0","2007-04-10T11:56:31.000Z"
".","text","","BenFrantzDale","0","2007-04-10T11:56:31.000Z"
"Now","text","","BenFrantzDale","0","2007-04-10T11:56:31.000Z"
"we","text","","","-1","2016-12-13T10:02:24.048+01:00"
"want","text","","BenFrantzDale","0","2007-04-10T11:56:31.000Z"
"to","text","","","-1","2016-12-13T10:02:24.048+01:00"
"solve","text","","BenFrantzDale","0","2007-04-10T11:56:31.000Z"
"the","text","","","-1","2016-12-13T10:02:24.048+01:00"
"equation","text","","BenFrantzDale","0","2007-04-10T11:56:31.000Z"
" [K]\mathbf{x}_i = \lambda_i [M] \mathbf{x}_i","math"," [K]\mathbf{x}_i = \lambda_i [M] \mathbf{x}_i","BenFrantzDale","0","2007-04-10T11:56:31.000Z"
".","text","","BenFrantzDale","0","2007-04-10T11:56:31.000Z"
"Substituting","text","","BenFrantzDale","0","2007-04-10T11:56:31.000Z"
",","text","","BenFrantzDale","0","2007-04-10T11:56:31.000Z"
"we","text","","","-1","2016-12-13T10:02:24.048+01:00"
"get","text","","","-1","2016-12-13T10:02:24.048+01:00"
" ([K_0]+[\delta K])(\mathbf{x}_{0i} + \delta \mathbf{x}_i) = (\lambda_{0i}+\delta\lambda_{i})([M_0]+[\delta M])(\mathbf{x}_{0i}+\delta\mathbf{x}_{0i})","math"," ([K_0]+[\delta K])(\mathbf{x}_{0i} + \delta \mathbf{x}_i) = (\lambda_{0i}+\delta\lambda_{i})([M_0]+[\delta M])(\mathbf{x}_{0i}+\delta\mathbf{x}_{0i})","BenFrantzDale","0","2007-04-10T11:56:31.000Z"
".","text","","BenFrantzDale","0","2007-04-10T11:56:31.000Z"
"which","text","","","-1","2016-12-13T10:02:24.048+01:00"
"expands","text","","BenFrantzDale","0","2007-04-10T11:56:31.000Z"
"to","text","","","-1","2016-12-13T10:02:24.048+01:00"
" [K_0]\mathbf{x}_{0i}+[\delta K]\mathbf{x}_{0i} + [K_0]\delta \mathbf{x}_i + [\delta K]\delta \mathbf{x}_i","math"," [K_0]\mathbf{x}_{0i}+[\delta K]\mathbf{x}_{0i} + [K_0]\delta \mathbf{x}_i + [\delta K]\delta \mathbf{x}_i","BenFrantzDale","0","2007-04-10T11:56:31.000Z"
" = \lambda_{0i}[M_0]\mathbf{x}_{0i}+ \lambda_{0i}[M_0]\delta\mathbf{x}_i + \lambda_{0i}[\delta M]\mathbf{x}_{0i} + \delta\lambda_i[M_0]\mathbf{x}_{0i}","math"," = \lambda_{0i}[M_0]\mathbf{x}_{0i}+ \lambda_{0i}[M_0]\delta\mathbf{x}_i + \lambda_{0i}[\delta M]\mathbf{x}_{0i} + \delta\lambda_i[M_0]\mathbf{x}_{0i}","BenFrantzDale","0","2007-04-10T11:56:31.000Z"
" {} + \lambda_{0i}[\delta M]\delta\mathbf{x}_i + \delta\lambda_i[\delta M]\mathbf{x}_{0i} + \delta\lambda_i[M_0]\delta\mathbf{x}_i + \delta\lambda_i[\delta M]\delta\mathbf{x}_i","math"," {} + \lambda_{0i}[\delta M]\delta\mathbf{x}_i + \delta\lambda_i[\delta M]\mathbf{x}_{0i} + \delta\lambda_i[M_0]\delta\mathbf{x}_i + \delta\lambda_i[\delta M]\delta\mathbf{x}_i","Michael Hardy","16","2008-07-24T17:29:08.000Z"
".","text","","BenFrantzDale","0","2007-04-10T11:56:31.000Z"
"Canceling","text","","BenFrantzDale","0","2007-04-10T11:56:31.000Z"
"from","text","","","-1","2016-12-13T10:02:24.048+01:00"
"(","text","","BenFrantzDale","0","2007-04-10T11:56:31.000Z"
"1","text","","BenFrantzDale","0","2007-04-10T11:56:31.000Z"
")","text","","BenFrantzDale","0","2007-04-10T11:56:31.000Z"
"leaves","text","","BenFrantzDale","0","2007-04-10T11:56:31.000Z"
" [\delta K]\mathbf{x}_{0i} + [K_0]\delta \mathbf{x}_i + [\delta K]\delta \mathbf{x}_i","math"," [\delta K]\mathbf{x}_{0i} + [K_0]\delta \mathbf{x}_i + [\delta K]\delta \mathbf{x}_i","BenFrantzDale","0","2007-04-10T11:56:31.000Z"
" = \lambda_{0i}[M_0]\delta\mathbf{x}_i + \lambda_{0i}[\delta M]\mathbf{x}_{0i} + \delta\lambda_i[M_0]\mathbf{x}_{0i}","math"," = \lambda_{0i}[M_0]\delta\mathbf{x}_i + \lambda_{0i}[\delta M]\mathbf{x}_{0i} + \delta\lambda_i[M_0]\mathbf{x}_{0i}","BenFrantzDale","0","2007-04-10T11:56:31.000Z"
" {} + \lambda_{0i}[\delta M]\delta\mathbf{x}_i + \delta\lambda_i[\delta M]\mathbf{x}_{0i} + \delta\lambda_i[M_0]\delta\mathbf{x}_i + \delta\lambda_i[\delta M]\delta\mathbf{x}_i","math"," {} + \lambda_{0i}[\delta M]\delta\mathbf{x}_i + \delta\lambda_i[\delta M]\mathbf{x}_{0i} + \delta\lambda_i[M_0]\delta\mathbf{x}_i + \delta\lambda_i[\delta M]\delta\mathbf{x}_i","Michael Hardy","16","2008-07-24T17:29:08.000Z"
".","text","","BenFrantzDale","0","2007-04-10T11:56:31.000Z"
"Removing","text","","BenFrantzDale","0","2007-04-10T11:56:31.000Z"
"the","text","","","-1","2016-12-13T10:02:24.048+01:00"
"higher","text","","BenFrantzDale","0","2007-04-10T11:56:31.000Z"
"-","text","","BenFrantzDale","0","2007-04-10T11:56:31.000Z"
"order","text","","BenFrantzDale","0","2007-04-10T11:56:31.000Z"
"terms","text","","BenFrantzDale","0","2007-04-10T11:56:31.000Z"
",","text","","BenFrantzDale","0","2007-04-10T11:56:31.000Z"
"this","text","","","-1","2016-12-13T10:02:24.048+01:00"
"simplifies","text","","BenFrantzDale","0","2007-04-10T11:56:31.000Z"
"to","text","","","-1","2016-12-13T10:02:24.048+01:00"
" [K_0] \delta\mathbf{x}_i+[\delta K] \mathbf{x}_{0i} = \lambda_{0i}[M_0] \delta \mathbf{x}_i + \lambda_{0i}[\delta M]\mathrm{x}_{0i} + \delta \lambda_i [M_0]\mathbf{x}_{0i}. \qquad(3)","math"," [K_0] \delta\mathbf{x}_i+[\delta K] \mathbf{x}_{0i} = \lambda_{0i}[M_0] \delta \mathbf{x}_i + \lambda_{0i}[\delta M]\mathrm{x}_{0i} + \delta \lambda_i [M_0]\mathbf{x}_{0i}. \qquad(3)","BenFrantzDale","0","2007-04-10T11:56:31.000Z"
"We","text","","BenFrantzDale","0","2007-04-10T11:56:31.000Z"
"note","text","","BenFrantzDale","0","2007-04-10T11:56:31.000Z"
"that","text","","","-1","2016-12-13T10:02:24.048+01:00"
",","text","","BenFrantzDale","0","2007-04-10T11:56:31.000Z"
"when","text","","","-1","2016-12-13T10:02:24.048+01:00"
"the","text","","","-1","2016-12-13T10:02:24.048+01:00"
"matrix","text","","BenFrantzDale","0","2007-04-10T11:56:31.000Z"
"is","text","","","-1","2016-12-13T10:02:24.048+01:00"
"symmetric","text","","BenFrantzDale","0","2007-04-10T11:56:31.000Z"
",","text","","BenFrantzDale","0","2007-04-10T11:56:31.000Z"
"the","text","","","-1","2016-12-13T10:02:24.048+01:00"
"unperturbed","text","","BenFrantzDale","0","2007-04-10T11:56:31.000Z"
"eigenvectors","text","","BenFrantzDale","0","2007-04-10T11:56:31.000Z"
"are","text","","","-1","2016-12-13T10:02:24.048+01:00"
"orthogonal","text","","BenFrantzDale","0","2007-04-10T11:56:31.000Z"
"and","text","","","-1","2016-12-13T10:02:24.048+01:00"
"so","text","","","-1","2016-12-13T10:02:24.049+01:00"
"we","text","","","-1","2016-12-13T10:02:24.049+01:00"
"use","text","","BenFrantzDale","0","2007-04-10T11:56:31.000Z"
"them","text","","","-1","2016-12-13T10:02:24.049+01:00"
"as","text","","","-1","2016-12-13T10:02:24.049+01:00"
"a","text","","","-1","2016-12-13T10:02:24.049+01:00"
"basis","text","","BenFrantzDale","0","2007-04-10T11:56:31.000Z"
"for","text","","","-1","2016-12-13T10:02:24.049+01:00"
"the","text","","","-1","2016-12-13T10:02:24.049+01:00"
"perturbed","text","","BenFrantzDale","0","2007-04-10T11:56:31.000Z"
"eigenvectors","text","","BenFrantzDale","0","2007-04-10T11:56:31.000Z"
".","text","","BenFrantzDale","0","2007-04-10T11:56:31.000Z"
"That","text","","BenFrantzDale","0","2007-04-10T11:56:31.000Z"
"is","text","","","-1","2016-12-13T10:02:24.049+01:00"
",","text","","BenFrantzDale","0","2007-04-10T11:56:31.000Z"
"we","text","","","-1","2016-12-13T10:02:24.049+01:00"
"want","text","","BenFrantzDale","0","2007-04-10T11:56:31.000Z"
"to","text","","","-1","2016-12-13T10:02:24.049+01:00"
"construct","text","","BenFrantzDale","0","2007-04-10T11:56:31.000Z"
" \delta \mathbf{x}_i = \sum_{j=1}^N \epsilon_{ij} \mathbf{x}_{0j} \qquad(4)","math"," \delta \mathbf{x}_i = \sum_{j=1}^N \epsilon_{ij} \mathbf{x}_{0j} \qquad(4)","BenFrantzDale","0","2007-04-10T11:56:31.000Z"
"where","text","","","-1","2016-12-13T10:02:24.049+01:00"
"the","text","","","-1","2016-12-13T10:02:24.049+01:00"
" \epsilon_{ij}","math"," \epsilon_{ij}","BenFrantzDale","0","2007-04-10T11:56:31.000Z"
"are","text","","","-1","2016-12-13T10:02:24.049+01:00"
"small","text","","BenFrantzDale","0","2007-04-10T11:56:31.000Z"
"constants","text","","BenFrantzDale","0","2007-04-10T11:56:31.000Z"
"that","text","","","-1","2016-12-13T10:02:24.049+01:00"
"are","text","","","-1","2016-12-13T10:02:24.049+01:00"
"to","text","","","-1","2016-12-13T10:02:24.049+01:00"
"be","text","","","-1","2016-12-13T10:02:24.049+01:00"
"determined","text","","BenFrantzDale","0","2007-04-10T11:56:31.000Z"
".","text","","BenFrantzDale","0","2007-04-10T11:56:31.000Z"
"Substituting","text","","BenFrantzDale","0","2007-04-10T11:56:31.000Z"
"(","text","","BenFrantzDale","0","2007-04-10T11:56:31.000Z"
"4","text","","BenFrantzDale","0","2007-04-10T11:56:31.000Z"
")","text","","BenFrantzDale","0","2007-04-10T11:56:31.000Z"
"into","text","","","-1","2016-12-13T10:02:24.049+01:00"
"(","text","","BenFrantzDale","0","2007-04-10T11:56:31.000Z"
"3","text","","BenFrantzDale","0","2007-04-10T11:56:31.000Z"
")","text","","BenFrantzDale","0","2007-04-10T11:56:31.000Z"
"and","text","","","-1","2016-12-13T10:02:24.049+01:00"
"rearranging","text","","BenFrantzDale","0","2007-04-10T11:56:31.000Z"
"gives","text","","BenFrantzDale","0","2007-04-10T11:56:31.000Z"
" [K_0]\sum_{j=1}^N \epsilon_{ij} \mathbf{x}_{0j} + [\delta K]\mathbf{x}_{0i} = \lambda_{0i} [M_0] \sum_{j=1}^N \epsilon_{ij} \mathbf{x}_{0j} + \lambda_{0i} [\delta M] \mathbf{x}_{0i} + \delta\lambda_i [M_0] \mathbf{x}_{0i} \qquad (5)","math"," [K_0]\sum_{j=1}^N \epsilon_{ij} \mathbf{x}_{0j} + [\delta K]\mathbf{x}_{0i} = \lambda_{0i} [M_0] \sum_{j=1}^N \epsilon_{ij} \mathbf{x}_{0j} + \lambda_{0i} [\delta M] \mathbf{x}_{0i} + \delta\lambda_i [M_0] \mathbf{x}_{0i} \qquad (5)","BenFrantzDale","0","2007-04-10T11:56:31.000Z"
".","text","","BenFrantzDale","0","2007-04-10T11:56:31.000Z"
"Or","text","","Bruguiea","12","2008-07-24T17:09:00.000Z"
":","text","","Bruguiea","12","2008-07-24T17:09:00.000Z"
" \sum_{j=1}^N \epsilon_{ij} [K_0] \mathbf{x}_{0j} + [\delta K]\mathbf{x}_{0i} = \lambda_{0i} [M_0] \sum_{j=1}^N \epsilon_{ij} \mathbf{x}_{0j} + \lambda_{0i} [\delta M] \mathbf{x}_{0i} + \delta\lambda_i [M_0] \mathbf{x}_{0i}","math"," \sum_{j=1}^N \epsilon_{ij} [K_0] \mathbf{x}_{0j} + [\delta K]\mathbf{x}_{0i} = \lambda_{0i} [M_0] \sum_{j=1}^N \epsilon_{ij} \mathbf{x}_{0j} + \lambda_{0i} [\delta M] \mathbf{x}_{0i} + \delta\lambda_i [M_0] \mathbf{x}_{0i}","Bruguiea","12","2008-07-24T17:09:00.000Z"
".","text","","Bruguiea","12","2008-07-24T17:09:00.000Z"
"By","text","","Bruguiea","12","2008-07-24T17:09:00.000Z"
"equation","text","","Bruguiea","12","2008-07-24T17:09:00.000Z"
"(","text","","BenFrantzDale","0","2007-04-10T11:56:31.000Z"
"1","text","","BenFrantzDale","0","2007-04-10T11:56:31.000Z"
")","text","","BenFrantzDale","0","2007-04-10T11:56:31.000Z"
":","text","","Bruguiea","12","2008-07-24T17:09:00.000Z"
" \sum_{j=1}^N \epsilon_{ij} \lambda_{0j} [M_0] \mathbf{x}_{0j} + [\delta K]\mathbf{x}_{0i} = \lambda_{0i} [M_0] \sum_{j=1}^N \epsilon_{ij} \mathbf{x}_{0j} + \lambda_{0i} [\delta M] \mathbf{x}_{0i} + \delta\lambda_i [M_0] \mathbf{x}_{0i}","math"," \sum_{j=1}^N \epsilon_{ij} \lambda_{0j} [M_0] \mathbf{x}_{0j} + [\delta K]\mathbf{x}_{0i} = \lambda_{0i} [M_0] \sum_{j=1}^N \epsilon_{ij} \mathbf{x}_{0j} + \lambda_{0i} [\delta M] \mathbf{x}_{0i} + \delta\lambda_i [M_0] \mathbf{x}_{0i}","Bruguiea","12","2008-07-24T17:09:00.000Z"
".","text","","BenFrantzDale","0","2007-04-10T11:56:31.000Z"
"Because","text","","BenFrantzDale","0","2007-04-10T11:56:31.000Z"
"the","text","","","-1","2016-12-13T10:02:24.049+01:00"
"eigenvectors","text","","BenFrantzDale","0","2007-04-10T11:56:31.000Z"
"are","text","","","-1","2016-12-13T10:02:24.049+01:00"
"orthogonal","text","","BenFrantzDale","0","2007-04-10T11:56:31.000Z"
",","text","","BenFrantzDale","0","2007-04-10T11:56:31.000Z"
"we","text","","","-1","2016-12-13T10:02:24.049+01:00"
"can","text","","","-1","2016-12-13T10:02:24.049+01:00"
"remove","text","","BenFrantzDale","0","2007-04-10T11:56:31.000Z"
"the","text","","","-1","2016-12-13T10:02:24.049+01:00"
"summations","text","","BenFrantzDale","0","2007-04-10T11:56:31.000Z"
"by","text","","","-1","2016-12-13T10:02:24.049+01:00"
"left","text","","BenFrantzDale","0","2007-04-10T11:56:31.000Z"
"multiplying","text","","BenFrantzDale","0","2007-04-10T11:56:31.000Z"
"by","text","","","-1","2016-12-13T10:02:24.049+01:00"
" \mathbf{x}_{0i}^T","math"," \mathbf{x}_{0i}^T","Bruguiea","12","2008-07-24T17:09:00.000Z"
":","text","","Bruguiea","12","2008-07-24T17:09:00.000Z"
" \mathbf{x}_{0i}^T \epsilon_{ii} \lambda_{0i} [M_0] \mathbf{x}_{0i} + \mathbf{x}_{0i}^T[\delta K]\mathbf{x}_{0i} = \lambda_{0i} \mathbf{x}_{0i}^T[M_0] \epsilon_{ii} \mathbf{x}_{0i} + \lambda_{0i}\mathbf{x}_{0i}^T [\delta M] \mathbf{x}_{0i} + \delta\lambda_i\mathbf{x}_{0i}^T [M_0] \mathbf{x}_{0i}","math"," \mathbf{x}_{0i}^T \epsilon_{ii} \lambda_{0i} [M_0] \mathbf{x}_{0i} + \mathbf{x}_{0i}^T[\delta K]\mathbf{x}_{0i} = \lambda_{0i} \mathbf{x}_{0i}^T[M_0] \epsilon_{ii} \mathbf{x}_{0i} + \lambda_{0i}\mathbf{x}_{0i}^T [\delta M] \mathbf{x}_{0i} + \delta\lambda_i\mathbf{x}_{0i}^T [M_0] \mathbf{x}_{0i}","Bruguiea","12","2008-07-24T17:09:00.000Z"
".","text","","Bruguiea","12","2008-07-24T17:09:00.000Z"
"By","text","","Bruguiea","12","2008-07-24T17:09:00.000Z"
"use","text","","Bruguiea","12","2008-07-24T17:09:00.000Z"
"of","text","","","-1","2016-12-13T10:02:28.922+01:00"
"equation","text","","Bruguiea","12","2008-07-24T17:09:00.000Z"
"(","text","","BenFrantzDale","0","2007-04-10T11:56:31.000Z"
"1","text","","BenFrantzDale","0","2007-04-10T11:56:31.000Z"
")","text","","BenFrantzDale","0","2007-04-10T11:56:31.000Z"
"again","text","","","-1","2016-12-13T10:02:28.922+01:00"
":","text","","BenFrantzDale","0","2007-04-10T11:56:31.000Z"
" \mathbf{x}_{0i}^T[K_0] \epsilon_{ii} \mathbf{x}_{0i} + \mathbf{x}_{0i}^T[\delta K]\mathbf{x}_{0i} = \lambda_{0i} \mathbf{x}_{0i}^T[M_0] \epsilon_{ii} \mathbf{x}_{0i} + \lambda_{0i}\mathbf{x}_{0i}^T [\delta M] \mathbf{x}_{0i} + \delta\lambda_i\mathbf{x}_{0i}^T [M_0] \mathbf{x}_{0i} ~~(6)","math"," \mathbf{x}_{0i}^T[K_0] \epsilon_{ii} \mathbf{x}_{0i} + \mathbf{x}_{0i}^T[\delta K]\mathbf{x}_{0i} = \lambda_{0i} \mathbf{x}_{0i}^T[M_0] \epsilon_{ii} \mathbf{x}_{0i} + \lambda_{0i}\mathbf{x}_{0i}^T [\delta M] \mathbf{x}_{0i} + \delta\lambda_i\mathbf{x}_{0i}^T [M_0] \mathbf{x}_{0i} ~~(6)","BenFrantzDale","0","2007-04-10T11:56:31.000Z"
".","text","","BenFrantzDale","0","2007-04-10T11:56:31.000Z"
"The","text","","BenFrantzDale","0","2007-04-10T11:56:31.000Z"
"two","text","","","-1","2016-12-13T10:02:24.049+01:00"
"terms","text","","BenFrantzDale","0","2007-04-10T11:56:31.000Z"
"containing","text","","BenFrantzDale","0","2007-04-10T11:56:31.000Z"
" \epsilon_{ii}","math"," \epsilon_{ii}","BenFrantzDale","0","2007-04-10T11:56:31.000Z"
"are","text","","","-1","2016-12-13T10:02:24.049+01:00"
"equal","text","","BenFrantzDale","0","2007-04-10T11:56:31.000Z"
"because","text","","","-1","2016-12-13T10:02:24.049+01:00"
"left","text","","BenFrantzDale","0","2007-04-10T11:56:31.000Z"
"-","text","","BenFrantzDale","0","2007-04-10T11:56:31.000Z"
"multiplying","text","","BenFrantzDale","0","2007-04-10T11:56:31.000Z"
"(","text","","BenFrantzDale","0","2007-04-10T11:56:31.000Z"
"1","text","","BenFrantzDale","0","2007-04-10T11:56:31.000Z"
")","text","","BenFrantzDale","0","2007-04-10T11:56:31.000Z"
"by","text","","","-1","2016-12-13T10:02:24.049+01:00"
" \mathbf{x}_{0i} ^T","math"," \mathbf{x}_{0i} ^T","Bruguiea","12","2008-07-24T17:09:00.000Z"
"gives","text","","BenFrantzDale","0","2007-04-10T11:56:31.000Z"
" \mathbf{x}_{0i}^T[K_0]\mathbf{x}_{0i} = \lambda_{0i}\mathbf{x}_{0i}^T[M_0]\mathbf{x}_{0i}","math"," \mathbf{x}_{0i}^T[K_0]\mathbf{x}_{0i} = \lambda_{0i}\mathbf{x}_{0i}^T[M_0]\mathbf{x}_{0i}","BenFrantzDale","0","2007-04-10T11:56:31.000Z"
".","text","","BenFrantzDale","0","2007-04-10T11:56:31.000Z"
"Canceling","text","","BenFrantzDale","0","2007-04-10T11:56:31.000Z"
"those","text","","","-1","2016-12-13T10:02:24.049+01:00"
"terms","text","","BenFrantzDale","0","2007-04-10T11:56:31.000Z"
"in","text","","","-1","2016-12-13T10:02:24.049+01:00"
"(","text","","BenFrantzDale","0","2007-04-10T11:56:31.000Z"
"6","text","","BenFrantzDale","0","2007-04-10T11:56:31.000Z"
")","text","","BenFrantzDale","0","2007-04-10T11:56:31.000Z"
"leaves","text","","BenFrantzDale","0","2007-04-10T11:56:31.000Z"
" \mathbf{x}_{0i}^T[\delta K]\mathbf{x}_{0i} = \lambda_{0i} \mathbf{x}_{0i}^T[\delta M] \mathbf{x}_{0i} + \delta\lambda_i \mathbf{x}_{0i}^T [M_0] \mathbf{x}_{0i}","math"," \mathbf{x}_{0i}^T[\delta K]\mathbf{x}_{0i} = \lambda_{0i} \mathbf{x}_{0i}^T[\delta M] \mathbf{x}_{0i} + \delta\lambda_i \mathbf{x}_{0i}^T [M_0] \mathbf{x}_{0i}","BenFrantzDale","0","2007-04-10T11:56:31.000Z"
".","text","","BenFrantzDale","0","2007-04-10T11:56:31.000Z"
"Rearranging","text","","BenFrantzDale","0","2007-04-10T11:56:31.000Z"
"gives","text","","BenFrantzDale","0","2007-04-10T11:56:31.000Z"
" \delta\lambda_i = \frac{\mathbf{x}^T_{0i}([\delta K] - \lambda_{0i}[\delta M] )\mathbf{x}_{0i}}{\mathbf{x}_{0i}^T[M_0] \mathbf{x}_{0i}}","math"," \delta\lambda_i = \frac{\mathbf{x}^T_{0i}([\delta K] - \lambda_{0i}[\delta M] )\mathbf{x}_{0i}}{\mathbf{x}_{0i}^T[M_0] \mathbf{x}_{0i}}","BenFrantzDale","0","2007-04-10T11:56:31.000Z"
"But","text","","BenFrantzDale","0","2007-04-10T11:56:31.000Z"
"by","text","","","-1","2016-12-13T10:02:24.049+01:00"
"(","text","","BenFrantzDale","0","2007-04-10T11:56:31.000Z"
"2","text","","BenFrantzDale","0","2007-04-10T11:56:31.000Z"
")","text","","BenFrantzDale","0","2007-04-10T11:56:31.000Z"
",","text","","BenFrantzDale","0","2007-04-10T11:56:31.000Z"
"this","text","","","-1","2016-12-13T10:02:24.049+01:00"
"denominator","text","","BenFrantzDale","0","2007-04-10T11:56:31.000Z"
"is","text","","","-1","2016-12-13T10:02:24.049+01:00"
"equal","text","","BenFrantzDale","0","2007-04-10T11:56:31.000Z"
"to","text","","","-1","2016-12-13T10:02:24.049+01:00"
"1","text","","BenFrantzDale","0","2007-04-10T11:56:31.000Z"
".","text","","BenFrantzDale","0","2007-04-10T11:56:31.000Z"
"Thus","text","","BenFrantzDale","0","2007-04-10T11:56:31.000Z"
" \delta\lambda_i = \mathbf{x}^T_{0i}([\delta K] - \lambda_{0i}[\delta M] )\mathbf{x}_{0i}","math"," \delta\lambda_i = \mathbf{x}^T_{0i}([\delta K] - \lambda_{0i}[\delta M] )\mathbf{x}_{0i}","BenFrantzDale","0","2007-04-10T11:56:31.000Z"
"â– ","text","","BenFrantzDale","0","2007-04-10T11:56:31.000Z"
"Then","text","","BenFrantzDale","0","2007-04-10T11:56:31.000Z"
",","text","","Bruguiea","12","2008-07-24T17:09:00.000Z"
"by","text","","","-1","2016-12-13T10:02:24.049+01:00"
"left","text","","BenFrantzDale","0","2007-04-10T11:56:31.000Z"
"multiplying","text","","BenFrantzDale","0","2007-04-10T11:56:31.000Z"
"equation","text","","Bruguiea","12","2008-07-24T17:09:00.000Z"
"(","text","","BenFrantzDale","0","2007-04-10T11:56:31.000Z"
"6","text","","BenFrantzDale","0","2007-04-10T11:56:31.000Z"
")","text","","BenFrantzDale","0","2007-04-10T11:56:31.000Z"
"by","text","","","-1","2016-12-13T10:02:28.922+01:00"
" \mathbf{x}_{0k}","math"," \mathbf{x}_{0k}","Bruguiea","12","2008-07-24T17:09:00.000Z"
"(","text","","Bruguiea","12","2008-07-24T17:09:00.000Z"
"for","text","","","-1","2016-12-13T10:02:28.922+01:00"
" i\neq k","math"," i\neq k","Bruguiea","12","2008-07-24T17:09:00.000Z"
")","text","","Bruguiea","12","2008-07-24T17:09:00.000Z"
":","text","","Bruguiea","12","2008-07-24T17:09:00.000Z"
" \epsilon_{ik} = \frac{\mathbf{x}^T_{0i}([\delta K] - \lambda_{0k}[\delta M])\mathbf{x}_{0k}}{\lambda_{0k}-\lambda_{0i}}, \qquad i\neq k.","math"," \epsilon_{ik} = \frac{\mathbf{x}^T_{0i}([\delta K] - \lambda_{0k}[\delta M])\mathbf{x}_{0k}}{\lambda_{0k}-\lambda_{0i}}, \qquad i\neq k.","Michael Hardy","16","2008-07-24T17:29:08.000Z"
"Or","text","","Bruguiea","12","2008-07-24T17:09:00.000Z"
"by","text","","","-1","2016-12-13T10:02:28.922+01:00"
"changing","text","","Bruguiea","12","2008-07-24T17:09:00.000Z"
"the","text","","","-1","2016-12-13T10:02:28.922+01:00"
"name","text","","","-1","2016-12-13T10:02:28.922+01:00"
"of","text","","","-1","2016-12-13T10:02:28.922+01:00"
"the","text","","","-1","2016-12-13T10:02:28.922+01:00"
"indices","text","","Bruguiea","12","2008-07-24T17:09:00.000Z"
":","text","","Bruguiea","12","2008-07-24T17:09:00.000Z"
" \epsilon_{ij} = \frac{\mathbf{x}^T_{0i}([\delta K] - \lambda_{0j}[\delta M])\mathbf{x}_{0j}}{\lambda_{0j}-\lambda_{0i}}, \qquad i\neq j.","math"," \epsilon_{ij} = \frac{\mathbf{x}^T_{0i}([\delta K] - \lambda_{0j}[\delta M])\mathbf{x}_{0j}}{\lambda_{0j}-\lambda_{0i}}, \qquad i\neq j.","Michael Hardy","16","2008-07-24T17:29:08.000Z"
"To","text","","BenFrantzDale","0","2007-04-10T11:56:31.000Z"
"find","text","","","-1","2016-12-13T10:02:24.050+01:00"
" \epsilon_{ii}","math"," \epsilon_{ii}","BenFrantzDale","0","2007-04-10T11:56:31.000Z"
",","text","","BenFrantzDale","0","2007-04-10T11:56:31.000Z"
"use","text","","BenFrantzDale","0","2007-04-10T11:56:31.000Z"
" \mathbf{x}^T_i[M]\mathbf{x}_i = 1 \Rightarrow \epsilon_{ii}=-\frac{1}{2}\mathbf{x}^T_{0i}[\delta M]\mathbf{x}_{0i}.","math"," \mathbf{x}^T_i[M]\mathbf{x}_i = 1 \Rightarrow \epsilon_{ii}=-\frac{1}{2}\mathbf{x}^T_{0i}[\delta M]\mathbf{x}_{0i}.","Michael Hardy","16","2008-07-24T17:29:08.000Z"
"3","header","","BenFrantzDale","0","2007-04-10T11:56:31.000Z"
".","header","","BenFrantzDale","0","2007-04-10T11:56:31.000Z"
"Summary","header","","BenFrantzDale","0","2007-04-10T11:56:31.000Z"
" \lambda_i = \lambda_{0i} + \mathbf{x}^T_{0i} ([\delta K] - \lambda_{0i}[\delta M]) \mathbf{x}_{0i}","math"," \lambda_i = \lambda_{0i} + \mathbf{x}^T_{0i} ([\delta K] - \lambda_{0i}[\delta M]) \mathbf{x}_{0i}","BenFrantzDale","0","2007-04-10T11:56:31.000Z"
"and","text","","","-1","2016-12-13T10:02:24.050+01:00"
" \mathbf{x}_i = \mathbf{x}_{0i}(1 - \frac{1}{2} \mathbf{x}^T_{0i}[\delta M] \mathbf{x}_{0i}) + \sum_{j=1\atop j\neq i}^N \frac{\mathbf{x}^T_{0j}([\delta K] - \lambda_{0i}[\delta M])\mathbf{x}_{0i}}{\lambda_{0i}-\lambda_{0j}}\mathbf{x}_{0j}","math"," \mathbf{x}_i = \mathbf{x}_{0i}(1 - \frac{1}{2} \mathbf{x}^T_{0i}[\delta M] \mathbf{x}_{0i}) + \sum_{j=1\atop j\neq i}^N \frac{\mathbf{x}^T_{0j}([\delta K] - \lambda_{0i}[\delta M])\mathbf{x}_{0i}}{\lambda_{0i}-\lambda_{0j}}\mathbf{x}_{0j}","BenFrantzDale","0","2007-04-10T11:56:31.000Z"
"4","header","","BenFrantzDale","0","2007-04-10T11:56:31.000Z"
".","header","","BenFrantzDale","0","2007-04-10T11:56:31.000Z"
"Results","header","","BenFrantzDale","0","2007-04-10T11:56:31.000Z"
"This","text","","BenFrantzDale","0","2007-04-10T11:56:31.000Z"
"means","text","","BenFrantzDale","0","2007-04-10T11:56:31.000Z"
"it","text","","","-1","2016-12-13T10:02:24.050+01:00"
"is","text","","","-1","2016-12-13T10:02:24.050+01:00"
"possible","text","","BenFrantzDale","0","2007-04-10T11:56:31.000Z"
"to","text","","","-1","2016-12-13T10:02:24.050+01:00"
"efficiently","text","","BenFrantzDale","0","2007-04-10T11:56:31.000Z"
"do","text","","","-1","2016-12-13T10:02:24.050+01:00"
"a","text","","","-1","2016-12-13T10:02:24.050+01:00"
"sensitivity","link","sensitivity analysis","BenFrantzDale","0","2007-04-10T11:56:31.000Z"
"analysis","link","sensitivity analysis","BenFrantzDale","0","2007-04-10T11:56:31.000Z"
"on","text","","","-1","2016-12-13T10:02:24.050+01:00"
" \lambda_i","math"," \lambda_i","BenFrantzDale","0","2007-04-10T11:56:31.000Z"
"as","text","","","-1","2016-12-13T10:02:24.050+01:00"
"a","text","","","-1","2016-12-13T10:02:24.050+01:00"
"function","text","","BenFrantzDale","0","2007-04-10T11:56:31.000Z"
"of","text","","","-1","2016-12-13T10:02:24.050+01:00"
"changes","text","","BenFrantzDale","0","2007-04-10T11:56:31.000Z"
"in","text","","","-1","2016-12-13T10:02:24.050+01:00"
"the","text","","","-1","2016-12-13T10:02:24.050+01:00"
"entries","text","","BenFrantzDale","0","2007-04-10T11:56:31.000Z"
"of","text","","","-1","2016-12-13T10:02:24.050+01:00"
"the","text","","","-1","2016-12-13T10:02:24.050+01:00"
"matrices","text","","BenFrantzDale","0","2007-04-10T11:56:31.000Z"
".","text","","BenFrantzDale","0","2007-04-10T11:56:31.000Z"
"(","text","","128.113.131.145","1","2007-04-10T18:52:23.000Z"
"Recall","text","","128.113.131.145","1","2007-04-10T18:52:23.000Z"
"that","text","","","-1","2016-12-13T10:02:24.048+01:00"
"the","text","","","-1","2016-12-13T10:02:24.048+01:00"
"matrices","text","","BenFrantzDale","0","2007-04-10T11:56:31.000Z"
"are","text","","","-1","2016-12-13T10:02:24.048+01:00"
"symmetric","text","","BenFrantzDale","0","2007-04-10T11:56:31.000Z"
"and","text","","","-1","2016-12-13T10:02:24.048+01:00"
"so","text","","","-1","2016-12-13T10:02:24.678+01:00"
"changing","text","","128.113.131.145","1","2007-04-10T18:52:23.000Z"
" K_{(k\ell)}","math"," K_{(k\ell)}","128.113.131.145","1","2007-04-10T18:52:23.000Z"
"will","text","","","-1","2016-12-13T10:02:24.678+01:00"
"also","text","","","-1","2016-12-13T10:02:24.678+01:00"
"change","text","","128.113.131.145","1","2007-04-10T18:52:23.000Z"
" K_{(\ell k)}","math"," K_{(\ell k)}","128.113.131.145","2","2007-04-10T18:52:59.000Z"
",","text","","128.113.131.145","1","2007-04-10T18:52:23.000Z"
"hence","text","","","-1","2016-12-13T10:02:24.678+01:00"
"the","text","","","-1","2016-12-13T10:02:24.678+01:00"
" (2-\delta_k^\ell)","math"," (2-\delta_k^\ell)","128.113.131.145","1","2007-04-10T18:52:23.000Z"
"term","text","","128.113.131.145","1","2007-04-10T18:52:23.000Z"
".","text","","128.113.131.145","1","2007-04-10T18:52:23.000Z"
")","text","","128.113.131.145","1","2007-04-10T18:52:23.000Z"
" \frac{\partial \lambda_i}{\partial K_{(k\ell)}} = \frac{\partial}{\partial K_{(k\ell)}}\left(\lambda_{0i} + \mathbf{x}^T_{0i} ([\delta K] - \lambda_{0i}[\delta M]) \mathbf{x}_{0i}\right) = x_{0i(k)} x_{0i(\ell)} (2-\delta_k^\ell)","math"," \frac{\partial \lambda_i}{\partial K_{(k\ell)}} = \frac{\partial}{\partial K_{(k\ell)}}\left(\lambda_{0i} + \mathbf{x}^T_{0i} ([\delta K] - \lambda_{0i}[\delta M]) \mathbf{x}_{0i}\right) = x_{0i(k)} x_{0i(\ell)} (2-\delta_k^\ell)","128.113.131.145","1","2007-04-10T18:52:23.000Z"
"and","text","","","-1","2016-12-13T10:02:24.678+01:00"
" \frac{\partial \lambda_i}{\partial M_{(k\ell)}} = \frac{\partial}{\partial M_{(k\ell)}}\left(\lambda_{0i} + \mathbf{x}^T_{0i} ([\delta K] - \lambda_{0i}[\delta M]) \mathbf{x}_{0i}\right) = \lambda_i x_{0i(k)} x_{0i(\ell)}(2-\delta_k^\ell)","math"," \frac{\partial \lambda_i}{\partial M_{(k\ell)}} = \frac{\partial}{\partial M_{(k\ell)}}\left(\lambda_{0i} + \mathbf{x}^T_{0i} ([\delta K] - \lambda_{0i}[\delta M]) \mathbf{x}_{0i}\right) = \lambda_i x_{0i(k)} x_{0i(\ell)}(2-\delta_k^\ell)","128.113.131.145","1","2007-04-10T18:52:23.000Z"
".","text","","128.113.131.145","1","2007-04-10T18:52:23.000Z"
"Similarly","text","","128.113.131.145","1","2007-04-10T18:52:23.000Z"
" \frac{\partial\mathbf{x}_i}{\partial K_{(k\ell)}} = \sum_{j=1\atop j\neq i}^N \frac{x_{0j(k)} x_{0i(\ell)}(2-\delta_k^\ell)}{\lambda_{0i}-\lambda_{0j}}\mathbf{x}_{0j}","math"," \frac{\partial\mathbf{x}_i}{\partial K_{(k\ell)}} = \sum_{j=1\atop j\neq i}^N \frac{x_{0j(k)} x_{0i(\ell)}(2-\delta_k^\ell)}{\lambda_{0i}-\lambda_{0j}}\mathbf{x}_{0j}","128.113.131.145","1","2007-04-10T18:52:23.000Z"
"and","text","","","-1","2016-12-13T10:02:24.678+01:00"
" \frac{\partial \mathbf{x}_i}{\partial M_{(k\ell)}} = -\mathbf{x}_{0i}\frac{x_{0i(k)}x_{0i(\ell)}}{2}(2-\delta_k^\ell) - \sum_{j=1\atop j\neq i}^N \frac{\lambda_{0i}x_{0j(k)} x_{0i(\ell)}}{\lambda_{0i}-\lambda_{0j}}\mathbf{x}_{0j}(2-\delta_k^\ell)","math"," \frac{\partial \mathbf{x}_i}{\partial M_{(k\ell)}} = -\mathbf{x}_{0i}\frac{x_{0i(k)}x_{0i(\ell)}}{2}(2-\delta_k^\ell) - \sum_{j=1\atop j\neq i}^N \frac{\lambda_{0i}x_{0j(k)} x_{0i(\ell)}}{\lambda_{0i}-\lambda_{0j}}\mathbf{x}_{0j}(2-\delta_k^\ell)","128.113.131.145","1","2007-04-10T18:52:23.000Z"
".","text","","BenFrantzDale","0","2007-04-10T11:56:31.000Z"
"Perturbation","category","Perturbation theory","BenFrantzDale","0","2007-04-10T11:56:31.000Z"
"theory","category","Perturbation theory","BenFrantzDale","0","2007-04-10T11:56:31.000Z"
"Linear","category","Linear algebra","Arthur Rubin","15","2008-07-24T17:28:34.000Z"
"algebra","category","Linear algebra","Arthur Rubin","15","2008-07-24T17:28:34.000Z"
